{"cameraMode":{"drawMode":0,"name":"Shaded","section":"Shading Mode"},"sceneLighting":true,"audioPlay":false,"sceneViewState":{"showFog":true,"showMaterialUpdate":true,"showSkybox":true,"showFlares":true,"showImageEffects":true,"showParticleSystems":true},"in2DMode":false,"pivot":{"x":-91.4717025756836,"y":46.89817428588867,"z":-22.284381866455079},"rotation":{"x":0.011060463264584542,"y":-0.9626551270484924,"z":0.26797837018966677,"w":0.03903261944651604},"size":22.0,"orthographic":false}