{"cameraMode":{"drawMode":0,"name":"Shaded","section":"Shading Mode"},"sceneLighting":true,"audioPlay":false,"sceneViewState":{"showFog":true,"showMaterialUpdate":true,"showSkybox":true,"showFlares":true,"showImageEffects":true,"showParticleSystems":true},"in2DMode":false,"pivot":{"x":-20.454357147216798,"y":-89.86636352539063,"z":-53.43037033081055},"rotation":{"x":0.025062957778573037,"y":0.8144614100456238,"z":-0.57900470495224,"w":0.03538966178894043},"size":164.1348419189453,"orthographic":false}