{"cameraMode":{"drawMode":0,"name":"Shaded","section":"Shading Mode"},"sceneLighting":true,"audioPlay":false,"sceneViewState":{"showFog":true,"showMaterialUpdate":true,"showSkybox":true,"showFlares":true,"showImageEffects":true,"showParticleSystems":true},"in2DMode":false,"pivot":{"x":3.739737033843994,"y":3.8398828506469728,"z":0.6969820857048035},"rotation":{"x":0.035406533628702167,"y":-0.22290976345539094,"z":0.008017735555768013,"w":0.9742407202720642},"size":22.0,"orthographic":false}