{"cameraMode":{"drawMode":0,"name":"Shaded","section":"Shading Mode"},"sceneLighting":true,"audioPlay":false,"sceneViewState":{"showFog":true,"showMaterialUpdate":true,"showSkybox":true,"showFlares":true,"showImageEffects":true,"showParticleSystems":true},"in2DMode":false,"pivot":{"x":4.980495929718018,"y":4.071288108825684,"z":2.0996603965759279},"rotation":{"x":0.1046190857887268,"y":-0.6443731784820557,"z":0.08935178071260452,"w":0.752346396446228},"size":2.8578836917877199,"orthographic":false}