{"cameraMode":{"drawMode":0,"name":"Shaded","section":"Shading Mode"},"sceneLighting":false,"audioPlay":false,"sceneViewState":{"showFog":true,"showMaterialUpdate":true,"showSkybox":false,"showFlares":true,"showImageEffects":true,"showParticleSystems":true},"in2DMode":false,"pivot":{"x":-26.03238296508789,"y":-2.7408928871154787,"z":-47.89042282104492},"rotation":{"x":0.01805572770535946,"y":0.4115867018699646,"z":0.9113832712173462,"w":-0.009192927740514279},"size":74.90630340576172,"orthographic":false}