{"cameraMode":{"drawMode":0,"name":"Shaded","section":"Shading Mode"},"sceneLighting":true,"audioPlay":false,"sceneViewState":{"showFog":true,"showMaterialUpdate":false,"showSkybox":true,"showFlares":true,"showImageEffects":true,"showParticleSystems":true},"in2DMode":false,"pivot":{"x":-1020.0413818359375,"y":-282.7153015136719,"z":448.9546813964844},"rotation":{"x":-0.1823814958333969,"y":0.53654944896698,"z":-0.11874139308929444,"w":-0.815714418888092},"size":1813.22509765625,"orthographic":false}