{"cameraMode":{"drawMode":0,"name":"Shaded","section":"Shading Mode"},"sceneLighting":false,"audioPlay":false,"sceneViewState":{"showFog":true,"showMaterialUpdate":false,"showSkybox":false,"showFlares":true,"showImageEffects":true,"showParticleSystems":true},"in2DMode":false,"pivot":{"x":-21.1053524017334,"y":21.56633949279785,"z":10.079455375671387},"rotation":{"x":-0.22322873771190644,"y":-0.7733154892921448,"z":0.37705865502357485,"w":-0.45937734842300417},"size":0.00005715767838410102,"orthographic":false}