{"cameraMode":{"drawMode":0,"name":"Shaded","section":"Shading Mode"},"sceneLighting":true,"audioPlay":false,"sceneViewState":{"showFog":false,"showMaterialUpdate":false,"showSkybox":false,"showFlares":false,"showImageEffects":false,"showParticleSystems":false},"in2DMode":false,"pivot":{"x":16.222240447998048,"y":-139.50975036621095,"z":-52.28010559082031},"rotation":{"x":0.3448866009712219,"y":0.6260459423065186,"z":-0.3601023256778717,"w":0.5995555520057678},"size":237.4829559326172,"orthographic":true}