{"cameraMode":{"drawMode":0,"name":"Shaded","section":"Shading Mode"},"sceneLighting":true,"audioPlay":false,"sceneViewState":{"showFog":true,"showMaterialUpdate":false,"showSkybox":true,"showFlares":true,"showImageEffects":true,"showParticleSystems":true},"in2DMode":false,"pivot":{"x":-11.586996078491211,"y":-11.31466293334961,"z":2.851447582244873},"rotation":{"x":-0.09952100366353989,"y":0.7061010599136353,"z":-0.09977772831916809,"w":-0.6946690678596497},"size":22.0,"orthographic":false}