{"cameraMode":{"drawMode":0,"name":"Shaded","section":"Shading Mode"},"sceneLighting":true,"audioPlay":false,"sceneViewState":{"showFog":true,"showMaterialUpdate":false,"showSkybox":false,"showFlares":true,"showImageEffects":true,"showParticleSystems":true},"in2DMode":false,"pivot":{"x":-18.007061004638673,"y":3.4238319396972658,"z":-24.5987548828125},"rotation":{"x":-0.0005702932248823345,"y":0.9346323013305664,"z":-0.35695555806159975,"w":0.003018983406946063},"size":3.5234358310699465,"orthographic":false}