{"cameraMode":{"drawMode":0,"name":"Shaded","section":"Shading Mode"},"sceneLighting":false,"audioPlay":false,"sceneViewState":{"showFog":true,"showMaterialUpdate":false,"showSkybox":true,"showFlares":true,"showImageEffects":true,"showParticleSystems":true},"in2DMode":false,"pivot":{"x":-8.620171546936036,"y":15.447562217712403,"z":-6.1195526123046879},"rotation":{"x":-0.11171609163284302,"y":-0.8658768534660339,"z":0.43341511487960818,"w":-0.22556914389133454},"size":1.6369538307189942,"orthographic":false}