{"cameraMode":{"drawMode":0,"name":"Shaded","section":"Shading Mode"},"sceneLighting":false,"audioPlay":false,"sceneViewState":{"showFog":true,"showMaterialUpdate":false,"showSkybox":true,"showFlares":true,"showImageEffects":true,"showParticleSystems":true},"in2DMode":false,"pivot":{"x":-263.1205139160156,"y":196.13726806640626,"z":334.1129150390625},"rotation":{"x":-0.030212419107556344,"y":0.10129524767398834,"z":-0.0027025637682527305,"w":-0.9949491024017334},"size":345.3877258300781,"orthographic":false}