{"cameraMode":{"drawMode":0,"name":"Shaded","section":"Shading Mode"},"sceneLighting":false,"audioPlay":false,"sceneViewState":{"showFog":true,"showMaterialUpdate":false,"showSkybox":false,"showFlares":true,"showImageEffects":true,"showParticleSystems":true},"in2DMode":false,"pivot":{"x":1.190000057220459,"y":0.10000000894069672,"z":10.229999542236329},"rotation":{"x":-0.14896748960018159,"y":0.28681448101997378,"z":-0.04520068317651749,"w":-0.9452531933784485},"size":2.8578836917877199,"orthographic":false}