{"cameraMode":{"drawMode":0,"name":"Shaded","section":"Shading Mode"},"sceneLighting":false,"audioPlay":false,"sceneViewState":{"showFog":false,"showMaterialUpdate":false,"showSkybox":false,"showFlares":false,"showImageEffects":false,"showParticleSystems":false},"in2DMode":false,"pivot":{"x":-29.530620574951173,"y":34.58589172363281,"z":-38.067840576171878},"rotation":{"x":-0.2115442156791687,"y":0.6769896149635315,"z":-0.2130599021911621,"w":-0.6726044416427612},"size":3.5234358310699465,"orthographic":false}