{"cameraMode":{"drawMode":0,"name":"Shaded","section":"Shading Mode"},"sceneLighting":false,"audioPlay":false,"sceneViewState":{"showFog":true,"showMaterialUpdate":false,"showSkybox":true,"showFlares":true,"showImageEffects":true,"showParticleSystems":true},"in2DMode":false,"pivot":{"x":820.3773803710938,"y":465.79718017578127,"z":-214.83355712890626},"rotation":{"x":0.325800359249115,"y":-0.011486728675663472,"z":0.0038681337609887125,"w":0.9455838203430176},"size":587.310302734375,"orthographic":false}