{"cameraMode":{"drawMode":0,"name":"Shaded","section":"Shading Mode"},"sceneLighting":false,"audioPlay":false,"sceneViewState":{"showFog":false,"showMaterialUpdate":false,"showSkybox":false,"showFlares":false,"showImageEffects":false,"showParticleSystems":false},"in2DMode":false,"pivot":{"x":-9.015862464904786,"y":15.807943344116211,"z":-19.744802474975587},"rotation":{"x":-0.13057327270507813,"y":0.7816207408905029,"z":-0.17231471836566926,"w":-0.5858895778656006},"size":3.5234358310699465,"orthographic":false}