{"cameraMode":{"drawMode":0,"name":"Shaded","section":"Shading Mode"},"sceneLighting":false,"audioPlay":false,"sceneViewState":{"showFog":true,"showMaterialUpdate":false,"showSkybox":true,"showFlares":true,"showImageEffects":true,"showParticleSystems":true},"in2DMode":false,"pivot":{"x":-71.14579010009766,"y":27.77017593383789,"z":-44.362857818603519},"rotation":{"x":-0.015976371243596078,"y":-0.9268413782119751,"z":0.37321537733078005,"w":-0.039728373289108279},"size":3.5234358310699465,"orthographic":false}