{"cameraMode":{"drawMode":0,"name":"Shaded","section":"Shading Mode"},"sceneLighting":false,"audioPlay":false,"sceneViewState":{"showFog":false,"showMaterialUpdate":false,"showSkybox":false,"showFlares":false,"showImageEffects":false,"showParticleSystems":false},"in2DMode":false,"pivot":{"x":-179.52499389648438,"y":24.736373901367189,"z":4.514749526977539},"rotation":{"x":-0.1100909560918808,"y":-0.7856853604316711,"z":0.14726243913173676,"w":-0.5916125178337097},"size":3.5234358310699465,"orthographic":false}