{"cameraMode":{"drawMode":0,"name":"Shaded","section":"Shading Mode"},"sceneLighting":true,"audioPlay":false,"sceneViewState":{"showFog":false,"showMaterialUpdate":false,"showSkybox":false,"showFlares":false,"showImageEffects":false,"showParticleSystems":false},"in2DMode":false,"pivot":{"x":-2.2037205696105959,"y":17.52686882019043,"z":-6.948288440704346},"rotation":{"x":-0.16199707984924317,"y":0.8384555578231812,"z":-0.36562591791152956,"w":-0.37087297439575198},"size":3.5234360694885256,"orthographic":false}