{"cameraMode":{"drawMode":0,"name":"Shaded","section":"Shading Mode"},"sceneLighting":true,"audioPlay":false,"sceneViewState":{"showFog":true,"showMaterialUpdate":false,"showSkybox":true,"showFlares":true,"showImageEffects":true,"showParticleSystems":true},"in2DMode":false,"pivot":{"x":-26.464662551879884,"y":12.068363189697266,"z":-19.14781379699707},"rotation":{"x":-0.1752038151025772,"y":-0.7422212362289429,"z":0.21289853751659394,"w":-0.6109822988510132},"size":3.5234436988830568,"orthographic":false}